{"cameraMode":{"drawMode":0,"name":"Shaded","section":"Shading Mode"},"sceneLighting":true,"audioPlay":false,"sceneViewState":{"m_AlwaysRefresh":false,"showFog":true,"showSkybox":true,"showFlares":true,"showImageEffects":true,"showParticleSystems":true,"showVisualEffectGraphs":true,"m_FxEnabled":true},"in2DMode":false,"pivot":{"x":1.9406105279922486,"y":-3.8491106033325197,"z":10.575398445129395},"rotation":{"x":0.34213516116142275,"y":0.5329664945602417,"z":-0.24884532392024995,"w":0.7328137159347534},"size":19.673486709594728,"orthographic":false}